1.4.5,pod,istio-pilot,prometheus-66c5887c86,istio-ingressgateway
1.4.5,container,POD,POD,POD
1.4.5,value,2.4797769881713907,0.21807887210802093,0.23409033063550042
1.5.0,pod,istiod-65c5b8df9d,prometheus-6fd77b7876,istio-ingressgateway
1.5.0,container,POD,POD,POD
1.5.0,value,9.225145120995483,1.1068486871625731,0.22907187682105
