1.4.5,pod,istio-pilot,prometheus-66c5887c86,istio-ingressgateway
1.4.5,container,POD,POD,POD
1.4.5,value,81.5443972639346,0.050097886854182115,-0.10540440173465107
1.5.0,pod,istiod-65c5b8df9d,istio-ingressgateway,prometheus-6fd77b7876
1.5.0,container,POD,POD,POD
1.5.0,value,34.6489333096572,-0.06175991724608383,-0.10837850899098872
1.6.2,pod,istiod-7599c64cb4,prometheus-7c9ddc484d,istio-ingressgateway
1.6.2,container,POD,POD,POD
1.6.2,value,0.004908270511596289,0.00277789306542136,0.0017379520964973714
