1.4.5,pod,istio-pilot,prometheus-66c5887c86,istio-telemetry
1.4.5,container,POD,POD,POD
1.4.5,value,5.6432692204376504,2.1842559861277864,-0.06288530381089706
1.5.0,pod,istiod-65c5b8df9d,prometheus-6fd77b7876,istio-ingressgateway
1.5.0,container,POD,POD,POD
1.5.0,value,34.587183874753,4.521810787050385,-0.2544624549825094
1.6.2,pod,prometheus-7c9ddc484d,istiod-7599c64cb4,istio-ingressgateway
1.6.2,container,POD,POD,POD
1.6.2,value,0.05129532403404305,0.00475549118678297,-0.001159097030833456
