pod,container,Memory,CPU,Traffic Rx,Traffic Tx
istio-ingressgateway,POD,1.19921875,0.0,0.0006236491316386994,0.0021248666756698807
istio-ingressgateway,istio-proxy,203.08203125,0.5743018434372513,,
istiod-7599c64cb4,POD,1.47265625,0.0,0.005346167580272101,0.007703192899432324
istiod-7599c64cb4,discovery,1040.12109375,0.9695910429901023,,
prometheus-7c9ddc484d,POD,1.27734375,0.0,0.05026140635458076,0.0027123933563405734
prometheus-7c9ddc484d,istio-proxy,179.38671875,0.7038996158417865,,
prometheus-7c9ddc484d,prometheus,1580.4440104166667,3.6768830968000272,,
