pod,container,Memory,CPU,Traffic Rx,Traffic Tx
istio-ingressgateway,POD,1.44921875,0.0,0.06441005585877811,0.03195791436229891
istio-ingressgateway,istio-proxy,47.28125,6.351206351205935,,
istiod-65c5b8df9d,POD,1.41015625,0.0,1.7732757455986716,5.235783221058416
istiod-65c5b8df9d,discovery,191.73046875,64.04206530914436,,
prometheus-6fd77b7876,POD,1.37109375,0.0,0.3310110417970396,0.033712502856969966
prometheus-6fd77b7876,istio-proxy,53.0625,4.073642767744993,,
prometheus-6fd77b7876,prometheus,1571.109375,7.638653860676207,,
