pod,container,Memory,CPU,Traffic Rx,Traffic Tx
istio-ingressgateway,POD,1.19921875,0.0,0.0006153618025085964,0.002462205418268132
istio-ingressgateway,istio-proxy,185.5859375,0.5487089257635045,,
istiod-7599c64cb4,POD,1.47265625,0.0,0.005334053218008953,0.004190997858935161
istiod-7599c64cb4,discovery,570.6171875,2.0670018129658367,,
prometheus-7c9ddc484d,POD,1.27734375,0.0,0.04847562799794057,0.0027867769831336473
prometheus-7c9ddc484d,istio-proxy,165.53515625,0.77748247004688,,
prometheus-7c9ddc484d,prometheus,1549.66015625,6.361763998393729,,
