pod,container,Memory,CPU,Traffic Rx,Traffic Tx
istio-ingressgateway,POD,1.19921875,0.0,0.000607944926748617,0.002269311070735776
istio-ingressgateway,istio-proxy,162.02734375,0.6750029937089776,,
istiod-7599c64cb4,POD,1.47265625,0.0,0.005675258981034,0.004868317405589291
istiod-7599c64cb4,discovery,406.9765625,1.3870303798780872,,
prometheus-7c9ddc484d,POD,1.27734375,0.0,0.04437206136602596,0.002537794720344918
prometheus-7c9ddc484d,istio-proxy,156.40234375,0.6866233504775406,,
prometheus-7c9ddc484d,prometheus,1522.43359375,3.6251008497899266,,
