pod,container,Memory,CPU,Traffic Rx,Traffic Tx
istio-ingressgateway,POD,1.44921875,0.0,0.09512213321146014,0.05376409415036064
istio-ingressgateway,istio-proxy,47.28125,4.47775805417698,,
istiod-65c5b8df9d,POD,1.41015625,0.0,1.605211985709932,4.463371208452457
istiod-65c5b8df9d,discovery,164.9775390625,45.16688655584079,,
prometheus-6fd77b7876,POD,1.37109375,0.0,0.2991817973935619,0.04547969212258442
prometheus-6fd77b7876,istio-proxy,53.0625,5.681279480442814,,
prometheus-6fd77b7876,prometheus,1509.9716796875,5.458414117109591,,
