pod,container,Memory,CPU,Traffic Rx,Traffic Tx
istio-ingressgateway,POD,1.19921875,0.0,0.000586344840678763,0.002100619863956533
istio-ingressgateway,istio-proxy,195.83984375,0.5753360543768522,,
istiod-7599c64cb4,POD,1.47265625,0.0,0.006572176517103226,0.007427285658452731
istiod-7599c64cb4,discovery,1195.79296875,8.58975640825369,,
prometheus-7c9ddc484d,POD,1.27734375,0.0,0.049124619415970246,0.002844765967776739
prometheus-7c9ddc484d,istio-proxy,172.8046875,0.7258137072519983,,
prometheus-7c9ddc484d,prometheus,1562.90625,2.906753939614233,,
