pod,container,Memory,CPU,Traffic Rx,Traffic Tx
istio-ingressgateway,POD,1.19921875,0.0,0.000569526125392646,0.002756703807438909
istio-ingressgateway,istio-proxy,175.21484375,0.5911998466894058,,
istiod-7599c64cb4,POD,1.47265625,0.0,0.005406793131633235,0.007641628374148975
istiod-7599c64cb4,discovery,441.9166666666667,2.741155739045024,,
prometheus-7c9ddc484d,POD,1.27734375,0.0,0.04438581488057637,0.0025747602830553267
prometheus-7c9ddc484d,istio-proxy,161.91015625,0.6899603695731258,,
prometheus-7c9ddc484d,prometheus,1539.6884765625,4.133571687887785,,
