pod,container,Memory,CPU,Traffic Rx,Traffic Tx
istio-ingressgateway,POD,1.19921875,0.0,0.0005459811070295717,0.0016884781577618713
istio-ingressgateway,istio-proxy,152.73307291666666,0.5165387406899414,,
istiod-7599c64cb4,POD,1.47265625,0.0,0.006680776980067445,0.0060707256630026015
istiod-7599c64cb4,discovery,297.7135416666667,4.248193503135562,,
prometheus-7c9ddc484d,POD,1.27734375,0.0,0.03938417992942236,0.0025257711174723036
prometheus-7c9ddc484d,istio-proxy,155.5703125,0.6810622086968261,,
prometheus-7c9ddc484d,prometheus,1516.8658854166667,3.9935072020514815,,
