pod,container,Memory,CPU,Traffic Rx,Traffic Tx
istio-ingressgateway,POD,1.44921875,0.0,0.09419147152154021,0.04618654667128879
istio-ingressgateway,istio-proxy,47.28125,4.9831603469337376,,
istiod-65c5b8df9d,POD,1.41015625,0.0,2.618361783027649,8.604498243331909
istiod-65c5b8df9d,discovery,214.49869791666666,93.60777983920224,,
prometheus-6fd77b7876,POD,1.37109375,0.0,0.49862015261802495,0.06522112275871246
prometheus-6fd77b7876,istio-proxy,53.15625,6.912306856447,,
prometheus-6fd77b7876,prometheus,1596.1927083333333,5.834139665538047,,
