pod,container,Memory,CPU,Traffic Rx,Traffic Tx
istio-ingressgateway,POD,1.19921875,0.0,0.0005969651698004528,0.0018746829600464014
istio-ingressgateway,istio-proxy,123.279296875,0.48945528505598074,,
istiod-7599c64cb4,POD,1.47265625,0.0,0.0066678918552800495,0.004896534990817504
istiod-7599c64cb4,discovery,149.62630208333334,2.4442953918867647,,
prometheus-7c9ddc484d,POD,1.27734375,0.0,0.03362362871599111,0.0025514264062292233
prometheus-7c9ddc484d,istio-proxy,140.4375,0.6764659077750312,,
prometheus-7c9ddc484d,prometheus,1396.9375,5.097068383247363,,
