pod,container,Memory,CPU,Traffic Rx,Traffic Tx
istio-ingressgateway,POD,1.19921875,0.0,0.0006232077769075928,0.0020248478468564667
istio-ingressgateway,istio-proxy,132.62890625,0.5082149174695373,,
istiod-7599c64cb4,POD,1.47265625,0.0,0.006361157853052295,0.005305344620702951
istiod-7599c64cb4,discovery,180.00390625,2.4408222028929845,,
prometheus-7c9ddc484d,POD,1.27734375,0.0,0.03800896441707713,0.0024075895584374364
prometheus-7c9ddc484d,istio-proxy,154.8828125,0.5803975416525332,,
prometheus-7c9ddc484d,prometheus,1463.74609375,4.9737768194724525,,
