pod,container,Memory,CPU,Traffic Rx,Traffic Tx
istio-ingressgateway,POD,1.44921875,0.0,0.04400947867219655,0.03850326072891735
istio-ingressgateway,istio-proxy,47.28125,2.8941243313386202,,
istiod-65c5b8df9d,POD,1.41015625,0.0,0.46591235365188927,0.8519745213963674
istiod-65c5b8df9d,discovery,101.22005208333333,18.26671015168285,,
prometheus-6fd77b7876,POD,1.37109375,0.0,0.17753888612005517,0.04374594449758793
prometheus-6fd77b7876,istio-proxy,53.05859375,2.7232646631421162,,
prometheus-6fd77b7876,prometheus,1433.6393229166667,4.557472966553429,,
