pod,container,Memory,CPU,Traffic Rx,Traffic Tx
istio-ingressgateway,POD,1.44921875,0.0,0.0466151537004618,0.034143464285674954
istio-ingressgateway,istio-proxy,47.28125,3.718969616163612,,
istiod-65c5b8df9d,POD,1.41015625,0.0,1.1029529165111465,2.452796425041031
istiod-65c5b8df9d,discovery,121.7109375,37.18058725449092,,
prometheus-6fd77b7876,POD,1.37109375,0.0,0.24373618404093167,0.04476801095661593
prometheus-6fd77b7876,istio-proxy,53.05859375,4.526970936506036,,
prometheus-6fd77b7876,prometheus,1462.734375,6.332963163637179,,
