pod,container,Memory,CPU,Traffic Rx,Traffic Tx
istio-ingressgateway,POD,1.44921875,0.0,0.031895602302712225,0.03645709295313067
istio-ingressgateway,istio-proxy,47.28125,2.1118916909294407,,
istiod-65c5b8df9d,POD,1.41015625,0.0,0.23327107875904676,0.32911819022677224
istiod-65c5b8df9d,discovery,120.4619140625,8.860020744233891,,
prometheus-6fd77b7876,POD,1.37109375,0.0,0.09053812898015484,0.023810894934001545
prometheus-6fd77b7876,istio-proxy,53.05859375,3.067763224243073,,
prometheus-6fd77b7876,prometheus,1428.703125,4.253719923555962,,
