pod,container,Memory,CPU,Traffic Rx,Traffic Tx
istio-ingressgateway,POD,1.44921875,0.0,0.10844910688403592,0.054270813599719595
istio-ingressgateway,istio-proxy,47.28125,4.584223715282138,,
istiod-65c5b8df9d,POD,1.41015625,0.0,4.21917231479159,13.702592116623013
istiod-65c5b8df9d,discovery,246.1416015625,89.808545846235,,
prometheus-6fd77b7876,POD,1.37109375,0.0,0.4476631858530915,0.040478483532847935
prometheus-6fd77b7876,istio-proxy,53.4453125,8.821364176505988,,
prometheus-6fd77b7876,prometheus,1620.4752604166667,8.382271386897875,,
