pod,container,Memory,CPU,Traffic Rx,Traffic Tx
istio-ingressgateway,POD,1.19921875,0.0,0.0005871418381397183,0.0024021824757095626
istio-ingressgateway,istio-proxy,141.4443359375,0.522206635233022,,
istiod-7599c64cb4,POD,1.47265625,0.0,0.0041743505348279634,0.004328338845262249
istiod-7599c64cb4,discovery,209.755859375,1.6574212416164895,,
prometheus-7c9ddc484d,POD,1.27734375,0.0,0.036662102638558944,0.002657485365421138
prometheus-7c9ddc484d,istio-proxy,155.05859375,0.636693178399145,,
prometheus-7c9ddc484d,prometheus,1490.0364583333333,6.8209965672858806,,
