pod,container,Memory,CPU,Traffic Rx,Traffic Tx
istio-ingressgateway,POD,1.44921875,0.0,0.06885091553126722,0.04432072099331593
istio-ingressgateway,istio-proxy,47.28125,4.780227035000025,,
istiod-65c5b8df9d,POD,1.41015625,0.0,1.3228765846259236,3.3108892433092394
istiod-65c5b8df9d,discovery,145.34375,40.52375323971405,,
prometheus-6fd77b7876,POD,1.37109375,0.0,0.25584286086788205,0.03725616490347369
prometheus-6fd77b7876,istio-proxy,53.060546875,4.55984659310842,,
prometheus-6fd77b7876,prometheus,1501.1044921875,5.721232368446002,,
