pod,container,Memory,CPU,Traffic Rx,Traffic Tx
istio-ingressgateway,POD,1.19921875,0.0,0.019936139235130684,0.008792968218675026
istio-ingressgateway,istio-proxy,127.4765625,0.528876443417988,,
istiod-7599c64cb4,POD,1.47265625,0.0,0.014629887390039571,0.027809621512552125
istiod-7599c64cb4,discovery,147.869140625,2.7296361624661056,,
prometheus-7c9ddc484d,POD,1.27734375,0.0,0.030711083131106213,0.0023083713558061593
prometheus-7c9ddc484d,istio-proxy,147.1484375,0.6052299787038526,,
prometheus-7c9ddc484d,prometheus,1437.03125,4.666471850188639,,
