pod,container,Memory,CPU,Traffic Rx,Traffic Tx
dummy-0001,POD,1.2421875,0.0,0.0006150241643142026,0.002289224134333843
dummy-0001,istio-proxy,82.171875,0.45600988424943784,,
dummy-0103,POD,1.421875,0.0,0.0005793418619749076,0.0021029997289952816
dummy-0103,istio-proxy,82.5517578125,0.5591548515034095,,
dummy-0205,POD,1.37890625,0.0,0.0006245578416926372,0.002016363656445385
dummy-0205,istio-proxy,80.8515625,0.4869015062509394,,
