pod,container,Memory,CPU,Traffic Rx,Traffic Tx
dummy-0001,POD,1.2421875,0.0,0.0005603260560540899,0.0025141319026920207
dummy-0001,istio-proxy,57.35546875,0.4670735998193323,,
