pod,container,Memory,CPU,Traffic Rx,Traffic Tx
dummy-0001,POD,1.2421875,0.0,0.000643027641057529,0.001926942424879548
dummy-0001,istio-proxy,93.88671875,0.4659067809711167,,
dummy-0103,POD,1.421875,0.0,0.0005628824124536456,0.0030394385258863546
dummy-0103,istio-proxy,91.80208333333333,0.565120291104572,,
dummy-0205,POD,1.37890625,0.0,0.00063592529296875,0.00209344482421875
dummy-0205,istio-proxy,91.576171875,0.4472541175570149,,
dummy-0307,POD,1.4453125,0.0,0.0005828555434363389,0.0004066026091505458
dummy-0307,istio-proxy,91.06640625,0.4754768563998862,,
