pod,container,Memory,CPU,Traffic Rx,Traffic Tx
dummy-0001,POD,1.2421875,0.0,0.0006337509508408296,0.002339238169681806
dummy-0001,istio-proxy,71.375,0.43856424900611013,,
dummy-0103,POD,1.421875,0.0,0.0005643458621573097,0.002182272904380707
dummy-0103,istio-proxy,68.7412109375,0.5357767329910152,,
