1.4.5,pod,istio-pilot,prometheus-66c5887c86,istio-pilot
1.4.5,container,discovery,prometheus,istio-proxy
1.4.5,260.6244880773831,13.899260257581865,18.79451522467089
