1.4.5,pod,istio-pilot,istio-ingressgateway,istio-policy
1.4.5,container,POD,POD,POD
1.4.5,26.025817247364145,0.04222110408893623,0.011980060605005559
