1.4.5,pod,prometheus-66c5887c86,istio-pilot,istio-pilot
1.4.5,container,prometheus,discovery,istio-proxy
1.4.5,2065.520963541676,815.3966145833359,64.92005208333364
